,date,close,high,low,open,volume,adjClose,adjHigh,adjLow,adjOpen,adjVolume,divCash,splitFactor
0,2021-01-02,774.680422152,787.4637248836,714.957656886,729.2404281493,1730120.87445469,774.680422152,787.4637248836,714.957656886,729.2404281493,1730120.87445469,0.0,1.0
1,2021-01-03,978.6411702009,1011.8051942355,768.9875485243,773.9653555436,4257852.69087587,978.6411702009,1011.8051942355,768.9875485243,773.9653555436,4257852.69087587,0.0,1.0
2,2021-01-04,1041.8332390431,1164.1775912784,922.869563943,978.5392582136,4852298.1610462,1041.8332390431,1164.1775912784,922.869563943,978.5392582136,4852298.1610462,0.0,1.0
3,2021-01-05,1100.7056440999,1135.0824743471,973.9896432619,1041.6082357475,3999495.9554849295,1100.7056440999,1135.0824743471,973.9896432619,1041.6082357475,3999495.9554849295,0.0,1.0
4,2021-01-06,1209.3815238275,1213.8539520107,1057.8530214871,1101.2411875901,4221221.840741491,1209.3815238275,1213.8539520107,1057.8530214871,1101.2411875901,4221221.840741491,0.0,1.0
5,2021-01-07,1224.5697757672,1289.7986689346,1134.3420579878,1209.755312666,2968263.01307072,1224.5697757672,1289.7986689346,1134.3420579878,1209.755312666,2968263.01307072,0.0,1.0
6,2021-01-08,1216.7515710879,1262.2904240304,1085.5461717677,1225.6614619127,1797646.1033945002,1216.7515710879,1262.2904240304,1085.5461717677,1225.6614619127,1797646.1033945002,0.0,1.0
7,2021-01-09,1277.4563091254,1305.8237309773,1171.6611078903,1216.6692042187,2093172.6986660499,1277.4563091254,1305.8237309773,1171.6611078903,1216.6692042187,2093172.6986660499,0.0,1.0
8,2021-01-1,1254.720733177,1349.4756510354,1165.8478795351,1277.5482864487,2928350.6819545003,1254.720733177,1349.4756510354,1165.8478795351,1277.5482864487,2928350.6819545003,0.0,1.0
9,2021-01-11,1087.4699855085,1260.1991668517,912.6045801052,1254.6598185931,6565873.477510121,1087.4699855085,1260.1991668517,912.6045801052,1254.6598185931,6565873.477510121,0.0,1.0
10,2021-01-12,1050.2604092811,1150.0553957247,1006.2762832117,1087.33562422,3285628.1090415604,1050.2604092811,1150.0553957247,1006.2762832117,1087.33562422,3285628.1090415604,0.0,1.0
11,2021-01-13,1129.9135120922,1138.1467092543,985.7678653579,1050.5156339726,2341880.66995761,1129.9135120922,1138.1467092543,985.7678653579,1050.5156339726,2341880.66995761,0.0,1.0
12,2021-01-14,1197.8862542477,1212.2141491971,1086.6904611836,1129.8340065379,1098942.2043673599,1197.8862542477,1212.2141491971,1086.6904611836,1129.8340065379,1098942.2043673599,0.0,1.0
13,2021-01-15,1168.0423542442,1255.4204605024,1061.9838084652,1231.3659203808,860793.4885531199,1168.0423542442,1255.4204605024,1061.9838084652,1231.3659203808,860793.4885531199,0.0,1.0
14,2021-01-16,1227.7445148328,1296.1984272516,1176.7622532725,1201.5532687285,1288410.06466299,1227.7445148328,1296.1984272516,1176.7622532725,1201.5532687285,1288410.06466299,0.0,1.0
15,2021-01-17,1232.7906312469,1269.3318467925,1165.0047580185,1227.9145458246,1781491.64463046,1232.7906312469,1269.3318467925,1165.0047580185,1227.9145458246,1781491.64463046,0.0,1.0
16,2021-01-18,1258.6624942978,1261.0490184109,1182.5901937063,1232.7338485169,1420052.86816772,1258.6624942978,1261.0490184109,1182.5901937063,1232.7338485169,1420052.86816772,0.0,1.0
17,2021-01-19,1366.6705100741,1438.819816066,1251.879347381,1258.821958904,3336157.08033735,1366.6705100741,1438.819816066,1251.879347381,1258.821958904,3336157.08033735,0.0,1.0
18,2021-01-2,1377.0902750643,1408.1582520917,1234.8825564182,1365.8695220936,3104745.3380720597,1377.0902750643,1408.1582520917,1234.8825564182,1365.8695220936,3104745.3380720597,0.0,1.0
19,2021-01-21,1110.9883415748,1389.8730217324,1084.5961781916,1377.0199370724,3615014.3414091603,1110.9883415748,1389.8730217324,1084.5961781916,1377.0199370724,3615014.3414091603,0.0,1.0
20,2021-01-22,1233.303753357,1275.5313993844,1042.5442346199,1111.6479444321,3263656.11031816,1233.303753357,1275.5313993844,1042.5442346199,1111.6479444321,3263656.11031816,0.0,1.0
21,2021-01-23,1233.785271653,1272.7289924709,1196.2211168919,1233.0086230129,1404740.79360622,1233.785271653,1272.7289924709,1196.2211168919,1233.0086230129,1404740.79360622,0.0,1.0
22,2021-01-24,1392.8820707496,1399.7265026248,1220.4461386638,1233.6756918092,2284124.79115321,1392.8820707496,1399.7265026248,1220.4461386638,1233.6756918092,2284124.79115321,0.0,1.0
23,2021-01-25,1317.9037046207,1476.1038109401,1293.8262854997,1392.9437465821,2868895.33914071,1317.9037046207,1476.1038109401,1293.8262854997,1392.9437465821,2868895.33914071,0.0,1.0
24,2021-01-26,1366.5456838042,1378.463162681,1244.9994259826,1317.6455906498,2581322.80857984,1366.5456838042,1378.463162681,1244.9994259826,1317.6455906498,2581322.80857984,0.0,1.0
25,2021-01-27,1239.5076388119,1374.4299687709,1206.9112010753,1366.8689528602,3038792.93275724,1239.5076388119,1374.4299687709,1206.9112010753,1366.8689528602,3038792.93275724,0.0,1.0
26,2021-01-28,1330.1446656394,1360.8279365954,1218.323862407,1239.4615345426,2127280.2356760404,1330.1446656394,1360.8279365954,1218.323862407,1239.4615345426,2127280.2356760404,0.0,1.0
27,2021-01-29,1379.4942252426,1439.0109145898,1285.7840003304,1330.1652711496,3470540.70396035,1379.4942252426,1439.0109145898,1285.7840003304,1330.1652711496,3470540.70396035,0.0,1.0
28,2021-01-3,1378.5671522871,1406.7028770527,1326.541062683,1379.6615489023,1460809.45252784,1378.5671522871,1406.7028770527,1326.541062683,1379.6615489023,1460809.45252784,0.0,1.0
29,2021-01-31,1312.7482791667,1381.0279364071,1281.3728141809,1378.5104035938,1323281.15879932,1312.7482791667,1381.0279364071,1281.3728141809,1378.5104035938,1323281.15879932,0.0,1.0
30,2021-02-01,1374.3726276152,1378.0585291405,1270.0841199452,1312.8449620171,1499061.2353040597,1374.3726276152,1378.0585291405,1270.0841199452,1312.8449620171,1499061.2353040597,0.0,1.0
31,2021-02-02,1512.5908807607,1548.3125034521,1360.5259838836,1374.3679426203,2795281.4238013905,1512.5908807607,1548.3125034521,1360.5259838836,1374.3679426203,2795281.4238013905,0.0,1.0
32,2021-02-03,1665.2541898247,1669.7495072036,1509.0534219793,1512.7777850941,2288851.5101473397,1665.2541898247,1669.7495072036,1509.0534219793,1512.7777850941,2288851.5101473397,0.0,1.0
33,2021-02-04,1596.0602349306,1696.1301341073,1555.1698718706,1665.4323389276,2395654.86945664,1596.0602349306,1696.1301341073,1555.1698718706,1665.4323389276,2395654.86945664,0.0,1.0
34,2021-02-05,1719.3409568189,1761.2331629447,1590.5481817691,1596.0347650325,1854477.39710281,1719.3409568189,1761.2331629447,1590.5481817691,1596.0347650325,1854477.39710281,0.0,1.0
35,2021-02-06,1677.1262407789,1744.1000466594,1643.6757881174,1719.2974467944,1616319.7139501602,1677.1262407789,1744.1000466594,1643.6757881174,1719.2974467944,1616319.7139501602,0.0,1.0
36,2021-02-07,1612.6343838681,1693.5224063303,1490.4390682876,1677.2002350446,1900551.9591453597,1612.6343838681,1693.5224063303,1490.4390682876,1677.2002350446,1900551.9591453597,0.0,1.0
37,2021-02-08,1728.0443344703,1756.4412571656,1564.5605752764,1613.31231847,1316674.94792066,1728.0443344703,1756.4412571656,1564.5605752764,1613.31231847,1316674.94792066,0.0,1.0
38,2021-02-09,1770.1501439448,1823.201990666,1710.150227549,1737.2777090364,1615432.64674057,1770.1501439448,1823.201990666,1710.150227549,1737.2777090364,1615432.64674057,0.0,1.0
39,2021-02-1,1741.5957034544,1838.4086120402,1679.8094994304,1770.0079266323,1786933.58737497,1741.5957034544,1838.4086120402,1679.8094994304,1770.0079266323,1786933.58737497,0.0,1.0
40,2021-02-11,1786.2177979921,1819.5464994055,1703.7802465319,1741.2434585015,1121319.32502827,1786.2177979921,1819.5464994055,1703.7802465319,1741.2434585015,1121319.32502827,0.0,1.0
41,2021-02-12,1841.6360349553,1865.9519294066,1740.2478327327,1786.2869077993,1402018.61891246,1841.6360349553,1865.9519294066,1740.2478327327,1786.2869077993,1402018.61891246,0.0,1.0
42,2021-02-13,1815.9891425631,1873.3775844496,1764.7715795686,1841.5016402359,1003876.19698955,1815.9891425631,1873.3775844496,1764.7715795686,1841.5016402359,1003876.19698955,0.0,1.0
43,2021-02-14,1801.1306081358,1850.9852004819,1784.1254024159,1815.863572444,913998.46691992,1801.1306081358,1850.9852004819,1784.1254024159,1815.863572444,913998.46691992,0.0,1.0
44,2021-02-15,1779.2772419356,1836.1010423926,1656.0075529982,1800.9153634219,1573381.2082312899,1779.2772419356,1836.1010423926,1656.0075529982,1800.9153634219,1573381.2082312899,0.0,1.0
45,2021-02-16,1782.2204455138,1827.1251670158,1723.1813237838,1779.5009896783,1172611.1153746499,1782.2204455138,1827.1251670158,1723.1813237838,1779.5009896783,1172611.1153746499,0.0,1.0
46,2021-02-17,1850.0939271029,1855.6726706022,1733.2205788451,1782.1449081922,1126492.17034417,1850.0939271029,1855.6726706022,1733.2205788451,1782.1449081922,1126492.17034417,0.0,1.0
47,2021-02-18,1939.4852275048,1950.3947695002,1850.0217888656,1850.1248343795,1310350.43439749,1939.4852275048,1950.3947695002,1850.0217888656,1850.1248343795,1310350.43439749,0.0,1.0
48,2021-02-19,1955.6288984384,1973.1068420094,1890.8075831944,1938.990707588,1190468.24398772,1955.6288984384,1973.1068420094,1890.8075831944,1938.990707588,1190468.24398772,0.0,1.0
49,2021-02-2,1913.4771092833,2041.5313363385,1802.1997817389,1956.057904883,1876572.17566333,1913.4771092833,2041.5313363385,1802.1997817389,1956.057904883,1876572.17566333,0.0,1.0
50,2021-02-21,1933.8087717445,1977.1839882351,1883.3087077697,1913.1581008306,1023861.46701749,1933.8087717445,1977.1839882351,1883.3087077697,1913.1581008306,1023861.46701749,0.0,1.0
51,2021-02-22,1776.7149033789,1936.8942272805,1538.7183813514,1934.0168957428,2535337.36500024,1776.7149033789,1936.8942272805,1538.7183813514,1934.0168957428,2535337.36500024,0.0,1.0
52,2021-02-23,1577.7587823499,1781.3409051003,1365.0783670134,1776.5305107232,3643479.69564664,1577.7587823499,1781.3409051003,1365.0783670134,1776.5305107232,3643479.69564664,0.0,1.0
53,2021-02-24,1623.9892846575,1712.9195114711,1500.1432052663,1577.8063873484,2065704.80046135,1623.9892846575,1712.9195114711,1500.1432052663,1577.8063873484,2065704.80046135,0.0,1.0
54,2021-02-25,1482.539381236,1671.8585882566,1458.9664259881,1623.7723994558,1587280.5812827402,1482.539381236,1671.8585882566,1458.9664259881,1623.7723994558,1587280.5812827402,0.0,1.0
55,2021-02-26,1444.8694064219,1562.5822230207,1399.9885543511,1482.472396381,2080832.31216601,1444.8694064219,1562.5822230207,1399.9885543511,1482.472396381,2080832.31216601,0.0,1.0
56,2021-02-27,1458.7779313496,1530.9734789843,1424.2396346957,1444.6771765948,1285068.64906315,1458.7779313496,1530.9734789843,1424.2396346957,1444.6771765948,1285068.64906315,0.0,1.0
57,2021-02-28,1420.0801740165,1469.2492044996,1293.1931140457,1458.8501138928,2126522.2527499497,1420.0801740165,1469.2492044996,1293.1931140457,1458.8501138928,2126522.2527499497,0.0,1.0
58,2021-03-01,1570.2627128143,1572.4434808471,1410.8998894541,1419.9924025857,1638830.8045432502,1570.2627128143,1572.4434808471,1410.8998894541,1419.9924025857,1638830.8045432502,0.0,1.0
59,2021-03-02,1487.2405712917,1603.3226230743,1455.7681522186,1570.3087312321,1461756.41868341,1487.2405712917,1603.3226230743,1455.7681522186,1570.3087312321,1461756.41868341,0.0,1.0
60,2021-03-03,1567.8460983365,1657.1452807848,1475.8117919938,1487.2437460921,1400607.85013805,1567.8460983365,1657.1452807848,1475.8117919938,1487.2437460921,1400607.85013805,0.0,1.0
61,2021-03-04,1539.2196180298,1625.2199013687,1506.0332784607,1568.0304444436,1333598.25627307,1539.2196180298,1625.2199013687,1506.0332784607,1568.0304444436,1333598.25627307,0.0,1.0
62,2021-03-05,1528.7750870435,1549.6741642932,1442.0124437873,1539.4656745017,1404425.43435215,1528.7750870435,1549.6741642932,1442.0124437873,1539.4656745017,1404425.43435215,0.0,1.0
63,2021-03-06,1650.6399983748,1671.8161381328,1513.2253636994,1528.8145473123,1566373.8199239701,1650.6399983748,1671.8161381328,1513.2253636994,1528.8145473123,1566373.8199239701,0.0,1.0
64,2021-03-07,1726.7092270449,1734.3568622125,1630.6025759304,1650.8485138729,1143668.51462748,1726.7092270449,1734.3568622125,1630.6025759304,1650.8485138729,1143668.51462748,0.0,1.0
65,2021-03-08,1833.4951219586,1843.6556660403,1664.8850152308,1726.7791064052,1580609.40692233,1833.4951219586,1843.6556660403,1664.8850152308,1726.7791064052,1580609.40692233,0.0,1.0
66,2021-03-09,1870.904852551,1871.2769373585,1799.0265331225,1833.5459902071,1198689.7254228198,1870.904852551,1871.2769373585,1799.0265331225,1833.5459902071,1198689.7254228198,0.0,1.0
67,2021-03-1,1795.1729872483,1878.0766929071,1757.3411161946,1870.5652662298,1544208.27513095,1795.1729872483,1878.0766929071,1757.3411161946,1870.5652662298,1544208.27513095,0.0,1.0
68,2021-03-11,1826.0792849715,1846.990140654,1725.2681655377,1795.4949070281,1369233.12995209,1826.0792849715,1846.990140654,1725.2681655377,1795.4949070281,1369233.12995209,0.0,1.0
69,2021-03-12,1766.5803372205,1842.0063766046,1720.2653322971,1826.6736514277,1351804.12650395,1766.5803372205,1842.0063766046,1720.2653322971,1826.6736514277,1351804.12650395,0.0,1.0
70,2021-03-13,1922.102834714,1944.0503698558,1728.0798973318,1766.5467556235,1478627.10987768,1922.102834714,1944.0503698558,1728.0798973318,1766.5467556235,1478627.10987768,0.0,1.0
71,2021-03-14,1848.112636217,1932.5900576217,1836.4718780121,1922.2675753521,1052614.12913539,1848.112636217,1932.5900576217,1836.4718780121,1922.2675753521,1052614.12913539,0.0,1.0
72,2021-03-15,1793.7397609459,1891.7846815376,1732.3001266331,1848.1337616971,1695362.93093682,1793.7397609459,1891.7846815376,1732.3001266331,1848.1337616971,1695362.93093682,0.0,1.0
73,2021-03-16,1805.0762178081,1819.8112832618,1712.358361644,1794.3456076443,1336262.6215081601,1805.0762178081,1819.8112832618,1712.358361644,1794.3456076443,1336262.6215081601,0.0,1.0
74,2021-03-17,1823.3043556866,1838.390967017,1742.0340978928,1805.1304140469,1274165.17336103,1823.3043556866,1838.390967017,1742.0340978928,1805.1304140469,1274165.17336103,0.0,1.0
75,2021-03-18,1776.2108785555,1849.8180411851,1758.9357138432,1823.7325232543,944301.34315958,1776.2108785555,1849.8180411851,1758.9357138432,1823.7325232543,944301.34315958,0.0,1.0
76,2021-03-19,1809.1739200914,1840.4516765057,1733.7417272983,1775.4479056148,813084.9715454001,1809.1739200914,1840.4516765057,1733.7417272983,1775.4479056148,813084.9715454001,0.0,1.0
77,2021-03-2,1805.9348697069,1868.7655875992,1800.713615056,1808.5622436055,723226.5718838901,1805.9348697069,1868.7655875992,1800.713615056,1808.5622436055,723226.5718838901,0.0,1.0
78,2021-03-21,1783.4245249523,1816.9991557258,1747.6369154177,1805.4499151636,805152.8815460202,1783.4245249523,1816.9991557258,1747.6369154177,1805.4499151636,805152.8815460202,0.0,1.0
79,2021-03-22,1680.9428141135,1807.2233840922,1655.6688175334,1783.7926150461,1002294.86628268,1680.9428141135,1807.2233840922,1655.6688175334,1783.7926150461,1002294.86628268,0.0,1.0
80,2021-03-23,1668.390543367,1721.6985351053,1650.6011279124,1681.1073283081,925868.53907743,1668.390543367,1721.6985351053,1650.6011279124,1681.1073283081,925868.53907743,0.0,1.0
81,2021-03-24,1582.3464035663,1741.4778209683,1540.2413481421,1668.2943402668,1225939.7206588802,1582.3464035663,1741.4778209683,1540.2413481421,1668.2943402668,1225939.7206588802,0.0,1.0
82,2021-03-25,1586.3678982071,1621.9997418222,1548.448092849,1582.1843667468,1157579.3351008198,1586.3678982071,1621.9997418222,1548.448092849,1582.1843667468,1157579.3351008198,0.0,1.0
83,2021-03-26,1699.0742438475,1699.9390685994,1586.3572300976,1586.4202689334,916889.9492698299,1699.0742438475,1699.9390685994,1586.3572300976,1586.4202689334,916889.9492698299,0.0,1.0
84,2021-03-27,1712.8526818758,1734.1672678783,1666.448002377,1699.4260712787,630419.04050664,1712.8526818758,1734.1672678783,1666.448002377,1699.4260712787,630419.04050664,0.0,1.0
85,2021-03-28,1686.736720654,1725.7604982789,1661.6680714561,1712.7590029688,525791.68598011,1686.736720654,1725.7604982789,1661.6680714561,1712.7590029688,525791.68598011,0.0,1.0
86,2021-03-29,1816.6207825157,1840.8316751513,1677.1341512715,1686.9234882131,1030681.62864107,1816.6207825157,1840.8316751513,1677.1341512715,1686.9234882131,1030681.62864107,0.0,1.0
87,2021-03-3,1840.5586427321,1859.0204193555,1785.6439104199,1816.5963383861,863953.14397091,1840.5586427321,1859.0204193555,1785.6439104199,1816.5963383861,863953.14397091,0.0,1.0
88,2021-03-31,1918.9501355976,1946.9170580472,1770.3632824552,1840.5534770657,1176096.38240882,1918.9501355976,1946.9170580472,1770.3632824552,1840.5534770657,1176096.38240882,0.0,1.0
89,2021-04-01,1968.0858377369,1983.9856861412,1885.9197258387,1919.4873289378,1105553.38391433,1968.0858377369,1983.9856861412,1885.9197258387,1919.4873289378,1105553.38391433,0.0,1.0
90,2021-04-02,2133.8579583347,2145.4715372467,1948.6559172979,1968.3135716703,1340778.89462306,2133.8579583347,2145.4715372467,1948.6559172979,1968.3135716703,1340778.89462306,0.0,1.0
91,2021-04-03,2008.9461772527,2139.7205607031,1997.8340850224,2133.7788081683,1097404.59476242,2008.9461772527,2139.7205607031,1997.8340850224,2133.7788081683,1097404.59476242,0.0,1.0
92,2021-04-04,2075.9115001355,2091.9680406874,1976.9574925633,2007.0199681128,770911.3988663801,2075.9115001355,2091.9680406874,1976.9574925633,2007.0199681128,770911.3988663801,0.0,1.0
93,2021-04-05,2107.1448736203,2131.1577026606,2002.2715745085,2075.9409777401,976032.5157649501,2107.1448736203,2131.1577026606,2002.2715745085,2075.9409777401,976032.5157649501,0.0,1.0
94,2021-04-06,2112.0125661263,2150.6877896184,2056.5215733929,2107.9387750459,1001248.1075837,2112.0125661263,2150.6877896184,2056.5215733929,2107.9387750459,1001248.1075837,0.0,1.0
95,2021-04-07,1963.7256591017,2128.7304229771,1929.1248946793,2112.4805498235,1269935.53385453,1963.7256591017,2128.7304229771,1929.1248946793,2112.4805498235,1269935.53385453,0.0,1.0
96,2021-04-08,2080.6457787893,2084.3383781431,1948.6617270669,1963.8851502862,784585.7308263599,2080.6457787893,2084.3383781431,1948.6617270669,1963.8851502862,784585.7308263599,0.0,1.0
97,2021-04-09,2066.9807941404,2100.0565422676,2048.2065220004,2080.5320277968,689346.01157246,2066.9807941404,2100.0565422676,2048.2065220004,2080.5320277968,689346.01157246,0.0,1.0
98,2021-04-1,2133.7362863462,2197.1076224646,2057.9483997313,2067.0653971209,1006453.90855117,2133.7362863462,2197.1076224646,2057.9483997313,2067.0653971209,1006453.90855117,0.0,1.0
99,2021-04-11,2151.1547069238,2164.5993391104,2113.4418381744,2134.0862138748,613360.6472889001,2151.1547069238,2164.5993391104,2113.4418381744,2134.0862138748,613360.6472889001,0.0,1.0
100,2021-04-12,2137.917321469,2209.6901179693,2102.3298961126,2151.5178532461,837046.94865417,2137.917321469,2209.6901179693,2102.3298961126,2151.5178532461,837046.94865417,0.0,1.0
101,2021-04-13,2299.1594816336,2317.4852794182,2135.9017519111,2138.0407834411,1169797.7663297,2299.1594816336,2317.4852794182,2135.9017519111,2138.0407834411,1169797.7663297,0.0,1.0
102,2021-04-14,2432.2976643251,2447.1644974671,2281.756464951,2299.5836626058,1378242.83322779,2432.2976643251,2447.1644974671,2281.756464951,2299.5836626058,1378242.83322779,0.0,1.0
103,2021-04-15,2514.9440256763,2544.3336859774,2400.2263050463,2432.8984604143,1073448.11543992,2514.9440256763,2544.3336859774,2400.2263050463,2432.8984604143,1073448.11543992,0.0,1.0
104,2021-04-16,2423.8814307475,2547.820452472,2301.358484622,2515.289305899,1347529.17898032,2423.8814307475,2547.820452472,2301.358484622,2515.289305899,1347529.17898032,0.0,1.0
105,2021-04-17,2318.017761835,2495.5113087467,2310.242476343,2424.2618789931,1008631.78161823,2318.017761835,2495.5113087467,2310.242476343,2424.2618789931,1008631.78161823,0.0,1.0
106,2021-04-18,2237.286233912,2339.9389624705,1999.628641547,2317.7803932653,1804244.55268899,2237.286233912,2339.9389624705,1999.628641547,2317.7803932653,1804244.55268899,0.0,1.0
107,2021-04-19,2161.7560791382,2292.1307292545,2072.8104909284,2237.3086547852,1184928.81082748,2161.7560791382,2292.1307292545,2072.8104909284,2237.3086547852,1184928.81082748,0.0,1.0
108,2021-04-2,2330.8563420203,2347.1982303416,2054.3706536859,2161.869085387,1509453.82061492,2330.8563420203,2347.1982303416,2054.3706536859,2161.869085387,1509453.82061492,0.0,1.0
109,2021-04-21,2357.0864903589,2469.495998713,2235.8204633238,2330.7955737725,1547347.47091436,2357.0864903589,2469.495998713,2235.8204633238,2330.7955737725,1547347.47091436,0.0,1.0
110,2021-04-22,2399.2315935526,2635.751010743,2308.8780368861,2357.6445646921,2045193.3969895998,2399.2315935526,2635.751010743,2308.8780368861,2357.6445646921,2045193.3969895998,0.0,1.0
111,2021-04-23,2367.3738313193,2436.1641713943,2086.8739374798,2398.4287458125,2121834.3355104397,2367.3738313193,2436.1641713943,2086.8739374798,2398.4287458125,2121834.3355104397,0.0,1.0
112,2021-04-24,2214.37160797,2369.4455409667,2155.9418656055,2367.736918094,1316039.69587165,2214.37160797,2369.4455409667,2155.9418656055,2367.736918094,1316039.69587165,0.0,1.0
113,2021-04-25,2321.0543721483,2357.716407855,2167.3255106568,2215.5776717626,1280735.64736015,2321.0543721483,2357.716407855,2167.3255106568,2215.5776717626,1280735.64736015,0.0,1.0
114,2021-04-26,2533.7291071624,2542.2685499592,2304.6781649926,2321.081251624,1452948.1227357,2533.7291071624,2542.2685499592,2304.6781649926,2321.081251624,1452948.1227357,0.0,1.0
115,2021-04-27,2666.5570806611,2674.5400016518,2482.0351574233,2533.0927856388,1231477.43922293,2666.5570806611,2674.5400016518,2482.0351574233,2533.0927856388,1231477.43922293,0.0,1.0
116,2021-04-28,2749.2199680647,2760.8641544699,2566.4479551173,2666.8330605076,1504333.9661465,2749.2199680647,2760.8641544699,2566.4479551173,2666.8330605076,1504333.9661465,0.0,1.0
117,2021-04-29,2757.7225190227,2798.3504221435,2669.4827990571,2749.2210484704,1360073.93160059,2757.7225190227,2798.3504221435,2669.4827990571,2749.2210484704,1360073.93160059,0.0,1.0
118,2021-04-3,2773.3453402388,2798.7320523505,2724.4048058603,2757.6436955966,997293.30102967,2773.3453402388,2798.7320523505,2724.4048058603,2757.6436955966,997293.30102967,0.0,1.0
119,2021-05-01,2945.784721663,2954.3663978737,2747.9757712366,2773.3091361384,1062062.33158087,2945.784721663,2954.3663978737,2747.9757712366,2773.3091361384,1062062.33158087,0.0,1.0
120,2021-05-02,2950.2854571008,2985.112459481,2852.9796169619,2945.7745802121,863453.0046912199,2950.2854571008,2985.112459481,2852.9796169619,2945.7745802121,863453.0046912199,0.0,1.0
121,2021-05-03,3434.3904963514,3454.4160409856,2950.4058208138,2950.4557565653,1955441.3053686898,3434.3904963514,3454.4160409856,2950.4058208138,2950.4557565653,1955441.3053686898,0.0,1.0
122,2021-05-04,3239.8262614758,3515.2816839779,3183.7356300353,3418.8585957956,1852082.09841221,3239.8262614758,3515.2816839779,3183.7356300353,3418.8585957956,1852082.09841221,0.0,1.0
123,2021-05-05,3526.4297954133,3541.8148007373,3205.9290459069,3239.5595315179,1408400.33987684,3526.4297954133,3541.8148007373,3205.9290459069,3239.5595315179,1408400.33987684,0.0,1.0
124,2021-05-06,3490.8802148753,3598.6079932785,3377.4872957641,3526.1956938088,1237183.2272002602,3490.8802148753,3598.6079932785,3377.4872957641,3526.1956938088,1237183.2272002602,0.0,1.0
125,2021-05-07,3481.3959759751,3582.6320639348,3354.067715373,3490.8446278816,1084873.84220739,3481.3959759751,3582.6320639348,3354.067715373,3490.8446278816,1084873.84220739,0.0,1.0
126,2021-05-08,3912.3684248383,3959.2553581333,3450.0322392802,3481.3846097133,1346393.15427145,3912.3684248383,3959.2553581333,3450.0322392802,3481.3846097133,1346393.15427145,0.0,1.0
127,2021-05-09,3927.9610271833,3984.0092589162,3726.4102447505,3916.0743348689,432514.66538787,3927.9610271833,3984.0092589162,3726.4102447505,3916.0743348689,432514.66538787,0.0,1.0
128,2021-05-1,3949.0688859578,4212.3606687768,3758.6103624519,3928.1351140321,780826.90810447,3949.0688859578,4212.3606687768,3758.6103624519,3928.1351140321,780826.90810447,0.0,1.0
129,2021-05-11,4171.8500525162,4181.5666125252,3789.8750506515,3947.556792088,1229040.7312848999,4171.8500525162,4181.5666125252,3789.8750506515,3947.556792088,1229040.7312848999,0.0,1.0
130,2021-05-12,4047.211754249,4374.6448570981,3960.8970267543,4165.9461753853,1196355.0437528498,4047.211754249,4374.6448570981,3960.8970267543,4165.9461753853,1196355.0437528498,0.0,1.0
131,2021-05-13,3711.95453428,4005.6001965271,3546.4324167869,3835.8685583647,1173183.73642864,3711.95453428,4005.6001965271,3546.4324167869,3835.8685583647,1173183.73642864,0.0,1.0
132,2021-05-14,4077.4267326707,4175.5742144304,3692.2257851182,3714.2191537643,1233111.84442979,4077.4267326707,4175.5742144304,3692.2257851182,3714.2191537643,1233111.84442979,0.0,1.0
133,2021-05-15,3657.4842431779,4135.5180297528,3636.5097167489,4077.4334057077,1104945.39147243,3657.4842431779,4135.5180297528,3636.5097167489,4077.4334057077,1104945.39147243,0.0,1.0
134,2021-05-16,3584.5317359419,3893.2628767633,3340.0364629658,3703.6719512153,1277162.03863459,3584.5317359419,3893.2628767633,3340.0364629658,3703.6719512153,1277162.03863459,0.0,1.0
135,2021-05-17,3280.9574435006,3589.1728354382,3118.7297581573,3584.0949480073,2082373.32357657,3280.9574435006,3589.1728354382,3118.7297581573,3584.0949480073,2082373.32357657,0.0,1.0
136,2021-05-18,3375.7695349083,3566.2762900473,3240.0883958446,3286.0840245203,1517419.43575059,3375.7695349083,3566.2762900473,3240.0883958446,3286.0840245203,1517419.43575059,0.0,1.0
137,2021-05-19,2453.9483083697,3443.4445657977,2031.5196862878,3377.0520648388,2580462.2987024095,2453.9483083697,3443.4445657977,2031.5196862878,3377.0520648388,2580462.2987024095,0.0,1.0
138,2021-05-2,2772.3830638282,2977.8551368654,2168.0184293526,2356.9990961744,1888008.8488761,2772.3830638282,2977.8551368654,2168.0184293526,2356.9990961744,1888008.8488761,0.0,1.0
139,2021-05-21,2433.717622089,2942.2354536418,2145.4861619204,2771.0018017236,2172327.9658888,2433.717622089,2942.2354536418,2145.4861619204,2771.0018017236,2172327.9658888,0.0,1.0
140,2021-05-22,2296.5387745456,2486.5306382354,2167.3808591288,2432.8187435825,2212598.1500234604,2296.5387745456,2486.5306382354,2167.3808591288,2432.8187435825,2212598.1500234604,0.0,1.0
141,2021-05-23,2097.8154264995,2384.7557343361,1774.8335102055,2297.383962939,2606995.36591763,2097.8154264995,2384.7557343361,1774.8335102055,2297.383962939,2606995.36591763,0.0,1.0
142,2021-05-24,2649.3838044691,2674.6653602305,2078.2940595558,2098.1286807362,2258736.51804616,2649.3838044691,2674.6653602305,2078.2940595558,2098.1286807362,2258736.51804616,0.0,1.0
143,2021-05-25,2705.8177030511,2748.23199918,2381.8371607247,2649.3321902277,2028847.80551576,2705.8177030511,2748.23199918,2381.8371607247,2649.3321902277,2028847.80551576,0.0,1.0
144,2021-05-26,2885.2074388376,2915.0585789538,2653.8251433202,2706.2781583948,1774255.03310812,2885.2074388376,2915.0585789538,2653.8251433202,2706.2781583948,1774255.03310812,0.0,1.0
145,2021-05-27,2742.7488653646,2890.9734474554,2634.7931770852,2886.4355937508,1468982.5944129198,2742.7488653646,2890.9734474554,2634.7931770852,2886.4355937508,1468982.5944129198,0.0,1.0
146,2021-05-28,2412.488609717,2756.3498886549,2327.856535567,2742.7327258121,1678304.13581667,2412.488609717,2756.3498886549,2327.856535567,2742.7327258121,1678304.13581667,0.0,1.0
147,2021-05-29,2278.0988442666,2573.9726531109,2204.8771051514,2411.1541016943,1732919.46684008,2278.0988442666,2573.9726531109,2204.8771051514,2411.1541016943,1732919.46684008,0.0,1.0
148,2021-05-3,2385.3027762152,2475.1986030219,2180.8464661964,2277.9314397874,1594795.6685067797,2385.3027762152,2475.1986030219,2180.8464661964,2277.9314397874,1594795.6685067797,0.0,1.0
149,2021-05-31,2706.3578871051,2719.9223780127,2272.4054173667,2385.7643021145,1591205.1299003803,2706.3578871051,2719.9223780127,2272.4054173667,2385.7643021145,1591205.1299003803,0.0,1.0
150,2021-06-01,2634.4557522645,2740.0228410784,2524.7943230097,2706.4709033147,1566804.6923642298,2634.4557522645,2740.0228410784,2524.7943230097,2706.4709033147,1566804.6923642298,0.0,1.0
151,2021-06-02,2706.2328870786,2802.8861419032,2547.8127731141,2634.3331452181,1350174.70011486,2706.2328870786,2802.8861419032,2547.8127731141,2634.3331452181,1350174.70011486,0.0,1.0
152,2021-06-03,2856.9868841742,2891.4195974544,2662.6213258505,2706.1969763227,1400029.9774916,2856.9868841742,2891.4195974544,2662.6213258505,2706.1969763227,1400029.9774916,0.0,1.0
153,2021-06-04,2689.6171056904,2859.8988163475,2557.3612666141,2857.0768835961,1414454.80560903,2689.6171056904,2859.8988163475,2557.3612666141,2857.0768835961,1414454.80560903,0.0,1.0
154,2021-06-05,2628.2098491392,2816.8656661013,2552.1412430926,2690.0388129022,1192723.3172509102,2628.2098491392,2816.8656661013,2552.1412430926,2690.0388129022,1192723.3172509102,0.0,1.0
155,2021-06-06,2711.6316900021,2745.1245925224,2614.2787936488,2627.909669041,873468.1502444,2711.6316900021,2745.1245925224,2614.2787936488,2627.909669041,873468.1502444,0.0,1.0
156,2021-06-07,2591.1804140401,2847.832198636,2572.9768547568,2711.9688385181,1453723.45948804,2591.1804140401,2847.832198636,2572.9768547568,2711.9688385181,1453723.45948804,0.0,1.0
157,2021-06-08,2507.7413727176,2621.1396745468,2310.6069979521,2592.1478029078,2027513.7677347697,2507.7413727176,2621.1396745468,2310.6069979521,2592.1478029078,2027513.7677347697,0.0,1.0
158,2021-06-09,2610.2224814682,2626.8133158538,2405.8085155313,2507.821510926,1577934.2816309698,2610.2224814682,2626.8133158538,2405.8085155313,2507.821510926,1577934.2816309698,0.0,1.0
159,2021-06-1,2471.1534709096,2624.4975695659,2425.9120768795,2610.402947322,985639.6227080099,2471.1534709096,2624.4975695659,2425.9120768795,2610.402947322,985639.6227080099,0.0,1.0
160,2021-06-11,2354.510695155,2498.2624441852,2321.5238308682,2471.0357201827,864544.5695090799,2354.510695155,2498.2624441852,2321.5238308682,2471.0357201827,864544.5695090799,0.0,1.0
161,2021-06-12,2370.6598630853,2454.1838545297,2256.5795336912,2354.3142677524,994151.10726901,2370.6598630853,2454.1838545297,2256.5795336912,2354.3142677524,994151.10726901,0.0,1.0
162,2021-06-13,2509.4875232579,2549.0475525814,2308.8093525524,2370.8839856019,930956.6006677301,2509.4875232579,2549.0475525814,2308.8093525524,2370.8839856019,930956.6006677301,0.0,1.0
163,2021-06-14,2581.2299640377,2609.0281373285,2461.1596956492,2509.5536673071,892019.5393269999,2581.2299640377,2609.0281373285,2461.1596956492,2509.5536673071,892019.5393269999,0.0,1.0
164,2021-06-15,2543.5160622153,2639.9980122853,2507.2664612838,2581.0734328088,709395.4011227201,2543.5160622153,2639.9980122853,2507.2664612838,2581.0734328088,709395.4011227201,0.0,1.0
165,2021-06-16,2367.8798603517,2555.8903845534,2351.1510205168,2543.5054150001,858451.9813058099,2367.8798603517,2555.8903845534,2351.1510205168,2543.5054150001,858451.9813058099,0.0,1.0
166,2021-06-17,2373.2434020449,2460.2470827073,2306.0130369224,2368.0072806868,784268.2501289201,2373.2434020449,2460.2470827073,2306.0130369224,2368.0072806868,784268.2501289201,0.0,1.0
167,2021-06-18,2234.149205116,2377.9757997189,2139.3905115975,2373.3007042468,1117822.46383568,2234.149205116,2377.9757997189,2139.3905115975,2373.3007042468,1117822.46383568,0.0,1.0
168,2021-06-19,2164.9974738088,2278.8457732488,2162.1480199358,2234.2256391328,724198.0594992801,2164.9974738088,2278.8457732488,2162.1480199358,2234.2256391328,724198.0594992801,0.0,1.0
169,2021-06-2,2243.6640769369,2278.9809699352,2042.2993170208,2165.482100673,992855.32795281,2243.6640769369,2278.9809699352,2042.2993170208,2165.482100673,992855.32795281,0.0,1.0
170,2021-06-21,1887.5563176153,2260.6040653293,1870.015801549,2243.8519229341,2087644.85056761,1887.5563176153,2260.6040653293,1870.015801549,2243.8519229341,2087644.85056761,0.0,1.0
171,2021-06-22,1880.3961280191,1999.3013402526,1706.0254800478,1887.711884404,2280938.5773519003,1880.3961280191,1999.3013402526,1706.0254800478,1887.711884404,2280938.5773519003,0.0,1.0
172,2021-06-23,1968.4987959529,2045.0909973595,1827.4253369738,1880.3057375243,1364402.46964432,1968.4987959529,2045.0909973595,1827.4253369738,1880.3057375243,1364402.46964432,0.0,1.0
173,2021-06-24,1989.2118780822,2036.0307376127,1884.9401678999,1968.1487773654,1025254.2291015201,1989.2118780822,2036.0307376127,1884.9401678999,1968.1487773654,1025254.2291015201,0.0,1.0
174,2021-06-25,1809.1119369562,2019.6068350062,1791.2683075895,1989.5789862782,1443494.2521681201,1809.1119369562,2019.6068350062,1791.2683075895,1989.5789862782,1443494.2521681201,0.0,1.0
175,2021-06-26,1829.9715067856,1852.4671547354,1717.2665085501,1808.9479998732,1220294.1110200998,1829.9715067856,1852.4671547354,1717.2665085501,1808.9479998732,1220294.1110200998,0.0,1.0
176,2021-06-27,1982.9044305995,1985.3234057159,1805.6854999311,1830.3306680169,1098352.73184309,1982.9044305995,1985.3234057159,1805.6854999311,1830.3306680169,1098352.73184309,0.0,1.0
177,2021-06-28,2084.3047626093,2144.8907315327,1960.1283665006,1982.9904824505,1411869.4214406803,2084.3047626093,2144.8907315327,1960.1283665006,1982.9904824505,1411869.4214406803,0.0,1.0
178,2021-06-29,2160.9914533833,2245.2919828625,2073.9631223907,2084.3048501691,1122014.1958315,2160.9914533833,2245.2919828625,2073.9631223907,2084.3048501691,1122014.1958315,0.0,1.0
179,2021-06-3,2275.9415796056,2287.8123313696,2088.3259472174,2164.3783473719,1250342.75493448,2275.9415796056,2287.8123313696,2088.3259472174,2164.3783473719,1250342.75493448,0.0,1.0
180,2021-07-01,2111.6802517494,2276.3733239795,2072.8554684826,2275.9880875372,1078602.21890664,2111.6802517494,2276.3733239795,2072.8554684826,2275.9880875372,1078602.21890664,0.0,1.0
181,2021-07-02,2154.6743276788,2159.8564372255,2018.0946423757,2106.1448454942,874407.51545853,2154.6743276788,2159.8564372255,2018.0946423757,2106.1448454942,874407.51545853,0.0,1.0
182,2021-07-03,2226.9976137266,2239.9080902411,2112.2057299708,2154.3841876199,719198.06297112,2226.9976137266,2239.9080902411,2112.2057299708,2154.3841876199,719198.06297112,0.0,1.0
183,2021-07-04,2322.7867652355,2389.5302120425,2189.7923365606,2227.1437272486,777669.46222448,2322.7867652355,2389.5302120425,2189.7923365606,2227.1437272486,777669.46222448,0.0,1.0
184,2021-07-05,2196.6196666198,2324.5279799644,2157.7462216391,2322.7596639559,980024.6562030201,2196.6196666198,2324.5279799644,2157.7462216391,2322.7596639559,980024.6562030201,0.0,1.0
185,2021-07-06,2322.7317903003,2349.9722624238,2193.3757521155,2196.8548994845,991198.5606286499,2322.7317903003,2349.9722624238,2193.3757521155,2196.8548994845,991198.5606286499,0.0,1.0
186,2021-07-07,2316.6168764835,2409.3937931978,2292.5164928095,2322.4965456899,902064.42545062,2316.6168764835,2409.3937931978,2292.5164928095,2322.4965456899,902064.42545062,0.0,1.0
187,2021-07-08,2115.5983481691,2325.617349045,2084.2610581445,2316.7607614478,1436419.66700515,2115.5983481691,2325.617349045,2084.2610581445,2316.7607614478,1436419.66700515,0.0,1.0
188,2021-07-09,2146.3437291087,2188.3536449035,2046.966217729,2115.8716847574,1191135.3301530401,2146.3437291087,2188.3536449035,2046.966217729,2115.8716847574,1191135.3301530401,0.0,1.0
189,2021-07-1,2110.6148864721,2194.0354396391,2074.2477156749,2146.8552330132,684951.0789556201,2110.6148864721,2194.0354396391,2074.2477156749,2146.8552330132,684951.0789556201,0.0,1.0
190,2021-07-11,2140.4627630977,2173.8225515061,2081.1336144179,2110.6599255155,458594.1136886,2140.4627630977,2173.8225515061,2081.1336144179,2110.6599255155,458594.1136886,0.0,1.0
191,2021-07-12,2031.412300836,2168.0889565724,2005.5609037863,2140.7312064757,771150.03818449,2031.412300836,2168.0889565724,2005.5609037863,2140.7312064757,771150.03818449,0.0,1.0
192,2021-07-13,1940.4508199174,2047.3679935793,1917.7185110029,2031.3180650167,942360.20098998,1940.4508199174,2047.3679935793,1917.7185110029,2031.3180650167,942360.20098998,0.0,1.0
193,2021-07-14,1994.4879709355,2019.3836999233,1865.2786260446,1940.4625266177,941930.3593271101,1994.4879709355,2019.3836999233,1865.2786260446,1940.4625266177,941930.3593271101,0.0,1.0
194,2021-07-15,1919.1046127042,2042.0461618581,1880.830363042,1994.3453491947,942229.58238677,1919.1046127042,2042.0461618581,1880.830363042,1994.3453491947,942229.58238677,0.0,1.0
195,2021-07-16,1876.786089883,1965.1496158226,1849.9982539296,1919.3909978988,829513.8226673601,1876.786089883,1965.1496158226,1849.9982539296,1919.3909978988,829513.8226673601,0.0,1.0
196,2021-07-17,1899.7342214902,1919.2976025226,1845.2053518998,1876.765712553,633799.48786157,1899.7342214902,1919.2976025226,1845.2053518998,1876.765712553,633799.48786157,0.0,1.0
197,2021-07-18,1891.4648027871,1993.8750008656,1877.5775675952,1899.5792511645,716788.42270348,1891.4648027871,1993.8750008656,1877.5775675952,1899.5792511645,716788.42270348,0.0,1.0
198,2021-07-19,1818.6946763644,1918.9360334977,1805.1494928524,1891.7385949223,811574.9446802,1818.6946763644,1918.9360334977,1805.1494928524,1891.7385949223,811574.9446802,0.0,1.0
199,2021-07-2,1786.3249230296,1841.2066114206,1711.2158584901,1818.7979326381,1192287.819936299,1786.3249230296,1841.2066114206,1711.2158584901,1818.7979326381,1192287.819936299,0.0,1.0
200,2021-07-21,1995.5305043238,2016.2219792099,1749.463409049,1786.2721509853,1327542.92167386,1995.5305043238,2016.2219792099,1749.463409049,1786.2721509853,1327542.92167386,0.0,1.0
201,2021-07-22,2024.6171840848,2046.2713942207,1947.8750282483,1995.6437546194,1030930.0070291,2024.6171840848,2046.2713942207,1947.8750282483,1995.6437546194,1030930.0070291,0.0,1.0
202,2021-07-23,2124.5045502839,2131.0170299958,1993.7454852905,2024.3827365147,941012.41026417,2124.5045502839,2131.0170299958,1993.7454852905,2024.3827365147,941012.41026417,0.0,1.0
203,2021-07-24,2185.1309319913,2199.7240172069,2105.9807884193,2124.6437460044,905858.84191587,2185.1309319913,2199.7240172069,2105.9807884193,2124.6437460044,905858.84191587,0.0,1.0
204,2021-07-25,2190.7866268488,2197.3905391403,2106.3776967035,2185.3471661962,695914.11352966,2190.7866268488,2197.3905391403,2106.3776967035,2185.3471661962,695914.11352966,0.0,1.0
205,2021-07-26,2228.2398822057,2424.788939781,2172.136307698,2190.7191123894,1512730.61626875,2228.2398822057,2424.788939781,2172.136307698,2190.7191123894,1512730.61626875,0.0,1.0
206,2021-07-27,2300.1020203432,2319.6248976447,2150.9142176275,2228.1189758495,1250034.66368698,2300.1020203432,2319.6248976447,2150.9142176275,2228.1189758495,1250034.66368698,0.0,1.0
207,2021-07-28,2300.6193076846,2338.5001783438,2243.6754819246,2299.7566764722,933455.7068104199,2300.6193076846,2338.5001783438,2243.6754819246,2299.7566764722,933455.7068104199,0.0,1.0
208,2021-07-29,2383.0438693042,2400.2836816983,2266.5053185514,2300.7764022247,706372.991706029,2383.0438693042,2400.2836816983,2266.5053185514,2300.7764022247,706372.991706029,0.0,1.0
209,2021-07-3,2465.3828682695,2471.2105403926,2316.3947454342,2383.1120849519,994074.9537213509,2465.3828682695,2471.2105403926,2316.3947454342,2383.1120849519,994074.9537213509,0.0,1.0
210,2021-07-31,2531.4082391641,2553.9252697376,2421.2002660377,2458.3900294668,698727.0314988999,2531.4082391641,2553.9252697376,2421.2002660377,2458.3900294668,698727.0314988999,0.0,1.0
211,2021-08-01,2555.7246160908,2697.8738348396,2511.4253909157,2531.599428141,1217351.99119018,2555.7246160908,2697.8738348396,2511.4253909157,2531.599428141,1217351.99119018,0.0,1.0
212,2021-08-02,2607.3056411935,2666.2457200484,2506.5695937682,2555.8146893601,1091623.2648801801,2607.3056411935,2666.2457200484,2506.5695937682,2555.8146893601,1091623.2648801801,0.0,1.0
213,2021-08-03,2508.8196113267,2632.5556642563,2443.3989993976,2607.2327425598,1090565.18638766,2508.8196113267,2632.5556642563,2443.3989993976,2607.2327425598,1090565.18638766,0.0,1.0
214,2021-08-04,2724.8652017831,2772.4115709667,2457.3063108579,2508.4764060837,1230285.5750726198,2724.8652017831,2772.4115709667,2457.3063108579,2508.4764060837,1230285.5750726198,0.0,1.0
215,2021-08-05,2827.7096081764,2844.1842430976,2550.7079281871,2724.7297832455,1527527.71719318,2827.7096081764,2844.1842430976,2550.7079281871,2724.7297832455,1527527.71719318,0.0,1.0
216,2021-08-06,2891.9746201707,2947.4970635205,2720.4243880668,2827.8828403468,1073054.85187805,2891.9746201707,2947.4970635205,2720.4243880668,2827.8828403468,1073054.85187805,0.0,1.0
217,2021-08-07,3166.0013837914,3171.7019848932,2865.5326817617,2891.8649511788,1268976.280146311,3166.0013837914,3171.7019848932,2865.5326817617,2891.8649511788,1268976.280146311,0.0,1.0
218,2021-08-08,3012.1774414963,3188.0480396091,2948.7656965896,3153.6512296797,1198746.7009511802,3012.1774414963,3188.0480396091,2948.7656965896,3153.6512296797,1198746.7009511802,0.0,1.0
219,2021-08-09,3161.3380935152,3185.7409697577,2893.1157139727,3012.2461390652,1385710.19277846,3161.3380935152,3185.7409697577,2893.1157139727,3012.2461390652,1385710.19277846,0.0,1.0
220,2021-08-1,3141.6593117882,3226.0963502078,3051.2405560924,3161.2067795737,1052956.08294569,3141.6593117882,3226.0963502078,3051.2405560924,3161.2067795737,1052956.08294569,0.0,1.0
221,2021-08-11,3161.3865989919,3270.6251892026,3120.824619587,3141.4169256778,838256.28523832,3161.3865989919,3270.6251892026,3120.824619587,3141.4169256778,838256.28523832,0.0,1.0
222,2021-08-12,3046.4218531835,3239.1046259778,2980.4853937848,3160.8008734647,895896.8294747701,3046.4218531835,3239.1046259778,2980.4853937848,3160.8008734647,895896.8294747701,0.0,1.0
223,2021-08-13,3323.3827570928,3327.4615733465,3039.0890860895,3046.8551561929,506486.93651553,3323.3827570928,3327.4615733465,3039.0890860895,3046.8551561929,506486.93651553,0.0,1.0
224,2021-08-14,3264.0055931672,3327.8018919228,3204.704704394,3322.937076915,561068.18635628,3264.0055931672,3327.8018919228,3204.704704394,3322.937076915,561068.18635628,0.0,1.0
225,2021-08-15,3308.3654305577,3320.9823895822,3111.1244062478,3264.0760280156,767182.44213407,3308.3654305577,3320.9823895822,3111.1244062478,3264.0760280156,767182.44213407,0.0,1.0
226,2021-08-16,3146.6379884764,3336.845789662,3136.5820936835,3308.5592306407,797439.5531127199,3146.6379884764,3336.845789662,3136.5820936835,3308.5592306407,797439.5531127199,0.0,1.0
227,2021-08-17,3011.7056501933,3290.9659662461,2992.4050281935,3147.1239298338,966529.0179807101,3011.7056501933,3290.9659662461,2992.4050281935,3147.1239298338,966529.0179807101,0.0,1.0
228,2021-08-18,3014.4727495759,3125.8060003512,2966.3007013412,3011.7975990961,777833.6432149101,3014.4727495759,3125.8060003512,2966.3007013412,3011.7975990961,777833.6432149101,0.0,1.0
229,2021-08-19,3184.290633873,3187.9383764148,2958.7794278107,3014.3444107612,777776.40249842,3184.290633873,3187.9383764148,2958.7794278107,3014.3444107612,777776.40249842,0.0,1.0
230,2021-08-2,3285.4261835574,3300.1827017899,3177.7376411157,3184.3122005128,705685.45556338,3285.4261835574,3300.1827017899,3177.7376411157,3184.3122005128,705685.45556338,0.0,1.0
231,2021-08-21,3224.280432797,3309.6365710567,3206.8013434763,3285.4362393267,557571.9824859999,3224.280432797,3309.6365710567,3206.8013434763,3285.4362393267,557571.9824859999,0.0,1.0
232,2021-08-22,3238.8614358745,3272.7810585379,3127.1678846471,3224.1199326364,517254.35964371,3238.8614358745,3272.7810585379,3127.1678846471,3224.1199326364,517254.35964371,0.0,1.0
233,2021-08-23,3321.9064476435,3376.6543524652,3231.186796847,3239.0164446054,777117.97377007,3321.9064476435,3376.6543524652,3231.186796847,3239.0164446054,777117.97377007,0.0,1.0
234,2021-08-24,3171.109433485,3358.506993812,3151.2682004444,3321.8750636407,671988.1250361999,3171.109433485,3358.506993812,3151.2682004444,3321.8750636407,671988.1250361999,0.0,1.0
235,2021-08-25,3227.4200944777,3248.3442489203,3080.5245440536,3170.7863574876,623110.3201562599,3227.4200944777,3248.3442489203,3080.5245440536,3170.7863574876,623110.3201562599,0.0,1.0
236,2021-08-26,3093.083577598,3250.3773792342,3059.3766695199,3227.375140816,606225.05992523,3093.083577598,3250.3773792342,3059.3766695199,3227.375140816,606225.05992523,0.0,1.0
237,2021-08-27,3273.9606555226,3281.0155120274,3057.9263162091,3092.9790907907,634548.25787879,3273.9606555226,3281.0155120274,3057.9263162091,3092.9790907907,634548.25787879,0.0,1.0
238,2021-08-28,3245.2844982441,3287.745214852,3210.7936791699,3274.3352251051,360479.52312555,3245.2844982441,3287.745214852,3210.7936791699,3274.3352251051,360479.52312555,0.0,1.0
239,2021-08-29,3224.1201997577,3285.6246172015,3152.7284415546,3245.4806343253,442420.22703411,3224.1201997577,3285.6246172015,3152.7284415546,3245.4806343253,442420.22703411,0.0,1.0
240,2021-08-3,3228.6666534788,3348.2888682003,3143.3805150176,3224.3391507068,898750.922156061,3228.6666534788,3348.2888682003,3143.3805150176,3224.3391507068,898750.922156061,0.0,1.0
241,2021-08-31,3429.6615273698,3478.1894559159,3189.3715187729,3229.2330976785,1152552.61472202,3429.6615273698,3478.1894559159,3189.3715187729,3229.2330976785,1152552.61472202,0.0,1.0
242,2021-09-01,3827.5743401244,3841.7418855537,3382.887138538,3429.4919937595,1130982.44271574,3827.5743401244,3841.7418855537,3382.887138538,3429.4919937595,1130982.44271574,0.0,1.0
243,2021-09-02,3786.4917078079,3835.3281186185,3719.47719762,3827.4583621221,712213.8090186899,3786.4917078079,3835.3281186185,3719.47719762,3827.4583621221,712213.8090186899,0.0,1.0
244,2021-09-03,3938.6409907719,4020.2599197371,3707.094883119,3786.5855894189,878563.7113800709,3938.6409907719,4020.2599197371,3707.094883119,3786.5855894189,878563.7113800709,0.0,1.0
245,2021-09-04,3885.974696207,3969.9339210493,3833.1366970181,3938.6680017967,500831.59693257,3885.974696207,3969.9339210493,3833.1366970181,3938.6680017967,500831.59693257,0.0,1.0
246,2021-09-05,3950.8580149798,3980.0209556951,3831.5071327574,3885.9865989067,472421.5502667599,3950.8580149798,3980.0209556951,3831.5071327574,3885.9865989067,472421.5502667599,0.0,1.0
247,2021-09-06,3927.1256827266,3970.9552075132,3873.603746731,3950.7880715686,499394.4505115201,3927.1256827266,3970.9552075132,3873.603746731,3950.7880715686,499394.4505115201,0.0,1.0
248,2021-09-07,3434.7002785851,3947.3121671395,3051.5619241348,3927.3614141641,978619.5460876799,3434.7002785851,3947.3121671395,3051.5619241348,3927.3614141641,978619.5460876799,0.0,1.0
249,2021-09-08,3499.5483084854,3560.7714516098,3215.9271949535,3435.3574053188,1061496.7370766099,3499.5483084854,3560.7714516098,3215.9271949535,3435.3574053188,1061496.7370766099,0.0,1.0
250,2021-09-09,3424.8380598536,3567.6160192749,3391.4930980175,3499.2748054984,874329.98570764,3424.8380598536,3567.6160192749,3391.4930980175,3499.2748054984,874329.98570764,0.0,1.0
251,2021-09-1,3209.1572400251,3511.6515503702,3147.8782941717,3424.8139271323,898860.957476941,3209.1572400251,3511.6515503702,3147.8782941717,3424.8139271323,898860.957476941,0.0,1.0
252,2021-09-11,3267.0666272034,3348.6101964395,3200.0506335793,3209.0378782109,586733.04751642,3267.0666272034,3348.6101964395,3200.0506335793,3209.0378782109,586733.04751642,0.0,1.0
253,2021-09-12,3404.2240837008,3473.670014517,3231.3878801042,3267.0397207437,574668.63866808,3404.2240837008,3473.670014517,3231.3878801042,3267.0397207437,574668.63866808,0.0,1.0
254,2021-09-13,3285.6604634621,3430.0098502631,3122.599842486,3404.3698806638,795297.983693251,3285.6604634621,3430.0098502631,3122.599842486,3404.3698806638,795297.983693251,0.0,1.0
255,2021-09-14,3434.9765246214,3437.7048470718,3270.2936756198,3285.2697894851,556743.91487531,3434.9765246214,3437.7048470718,3270.2936756198,3285.2697894851,556743.91487531,0.0,1.0
256,2021-09-15,3614.1255981287,3617.2549369057,3358.568263146,3434.9912209038,615344.161800121,3614.1255981287,3617.2549369057,3358.568263146,3434.9912209038,615344.161800121,0.0,1.0
257,2021-09-16,3568.3337834558,3676.0080827037,3481.9972583324,3614.2365502111,712149.82897522,3568.3337834558,3676.0080827037,3481.9972583324,3614.2365502111,712149.82897522,0.0,1.0
258,2021-09-17,3399.8430615872,3594.4067990212,3350.2359876555,3568.326456602,595718.90323315,3399.8430615872,3594.4067990212,3350.2359876555,3568.326456602,595718.90323315,0.0,1.0
259,2021-09-18,3435.7480077105,3542.184069319,3369.2294300299,3400.1286358838,466717.94150015,3435.7480077105,3542.184069319,3369.2294300299,3400.1286358838,466717.94150015,0.0,1.0
260,2021-09-19,3328.6031332104,3456.6296767578,3277.9355743044,3435.812786203,416210.66055201,3328.6031332104,3456.6296767578,3277.9355743044,3435.812786203,416210.66055201,0.0,1.0
261,2021-09-2,2977.6429568908,3347.2074928215,2925.6105533592,3328.6229628253,1138421.8303238302,2977.6429568908,3347.2074928215,2925.6105533592,3328.6229628253,1138421.8303238302,0.0,1.0
262,2021-09-21,2765.6602099589,3103.2837831395,2692.9519029445,2977.7265367669,1266713.01027178,2765.6602099589,3103.2837831395,2692.9519029445,2977.7265367669,1266713.01027178,0.0,1.0
263,2021-09-22,3077.4095375,3088.9317736851,2737.9471917876,2766.3550066378,944589.3703531901,3077.4095375,3088.9317736851,2737.9471917876,2766.3550066378,944589.3703531901,0.0,1.0
264,2021-09-23,3153.0819527967,3176.1856315828,3034.4141201477,3077.3514771292,658241.7039182298,3153.0819527967,3176.1856315828,3034.4141201477,3077.3514771292,658241.7039182298,0.0,1.0
265,2021-09-24,2929.1989779638,3159.2409702383,2753.3479226035,3153.0709642995,1103729.95091011,2929.1989779638,3159.2409702383,2753.3479226035,3153.0709642995,1103729.95091011,0.0,1.0
266,2021-09-25,2922.5168197525,2967.8382859159,2811.9473098531,2928.9912266145,691860.889891401,2922.5168197525,2967.8382859159,2811.9473098531,2928.9912266145,691860.889891401,0.0,1.0
267,2021-09-26,3059.9833671264,3115.9965478626,2739.1971733937,2922.4524916239,862223.98195428,3059.9833671264,3115.9965478626,2739.1971733937,2922.4524916239,862223.98195428,0.0,1.0
268,2021-09-27,2925.9926267278,3165.6851469608,2923.4117433667,3059.5998930791,728780.9215964501,2925.9926267278,3165.6851469608,2923.4117433667,3059.5998930791,728780.9215964501,0.0,1.0
269,2021-09-28,2805.6852329845,2970.7681925935,2787.8636746193,2925.2859088772,738305.0582486499,2805.6852329845,2970.7681925935,2787.8636746193,2925.2859088772,738305.0582486499,0.0,1.0
270,2021-09-29,2850.3519117069,2950.0765679545,2782.1081440532,2805.5176773974,637213.92159967,2850.3519117069,2950.0765679545,2782.1081440532,2805.5176773974,637213.92159967,0.0,1.0
271,2021-09-3,3000.5551344713,3048.5938971062,2837.0470859572,2850.2962357963,739349.80446833,3000.5551344713,3048.5938971062,2837.0470859572,2850.2962357963,739349.80446833,0.0,1.0
272,2021-10-01,3310.1681372354,3331.5256498141,2968.8290289965,3000.6692886974,802586.351634111,3310.1681372354,3331.5256498141,2968.8290289965,3000.6692886974,802586.351634111,0.0,1.0
273,2021-10-02,3387.9698618117,3469.2428886063,3257.6926351041,3310.2658182288,594266.4475368699,3387.9698618117,3469.2428886063,3257.6926351041,3310.2658182288,594266.4475368699,0.0,1.0
274,2021-10-03,3418.3786924043,3488.4093220057,3342.8524023162,3388.1115419447,497216.04945852,3418.3786924043,3488.4093220057,3342.8524023162,3388.1115419447,497216.04945852,0.0,1.0
275,2021-10-04,3386.4241551566,3437.7550669007,3279.6892133512,3418.2663888593,635333.9259511309,3386.4241551566,3437.7550669007,3279.6892133512,3418.2663888593,635333.9259511309,0.0,1.0
276,2021-10-05,3515.2639760315,3545.7433923849,3364.3681880412,3386.5412330291,563449.4520494791,3515.2639760315,3545.7433923849,3364.3681880412,3386.5412330291,563449.4520494791,0.0,1.0
277,2021-10-06,3576.0207757306,3630.2409433229,3342.1726655583,3516.0220502873,709578.12523922,3576.0207757306,3630.2409433229,3342.1726655583,3516.0220502873,709578.12523922,0.0,1.0
278,2021-10-07,3587.7328568879,3654.2352273402,3472.4422267652,3575.3806182666,633136.08703001,3587.7328568879,3654.2352273402,3472.4422267652,3575.3806182666,633136.08703001,0.0,1.0
279,2021-10-08,3563.2132855643,3686.6780161511,3532.865674907,3588.2056471553,563763.512917422,3563.2132855643,3686.6780161511,3532.865674907,3588.2056471553,563763.512917422,0.0,1.0
280,2021-10-09,3575.0624212311,3634.8891652486,3538.2283286503,3563.2956769657,468320.5230991,3575.0624212311,3634.8891652486,3538.2283286503,3563.2956769657,468320.5230991,0.0,1.0
281,2021-10-1,3414.4384699987,3604.1791297279,3405.416414043,3574.9072144528,683380.6744006588,3414.4384699987,3604.1791297279,3405.416414043,3574.9072144528,683380.6744006588,0.0,1.0
282,2021-10-11,3542.2316909955,3623.8913595151,3381.6577067683,3414.3663804917,655626.5054756111,3542.2316909955,3623.8913595151,3381.6577067683,3414.3663804917,655626.5054756111,0.0,1.0
283,2021-10-12,3491.1486291858,3546.2855163059,3403.2544324591,3542.1649706387,574039.1250614199,3491.1486291858,3546.2855163059,3403.2544324591,3542.1649706387,574039.1250614199,0.0,1.0
284,2021-10-13,3607.6318771851,3613.3995426834,3412.9194541245,3491.0090860076,559584.52508046,3607.6318771851,3613.3995426834,3412.9194541245,3491.0090860076,559584.52508046,0.0,1.0
285,2021-10-14,3791.0044051339,3823.7333379094,3587.0095623981,3607.7535723893,687981.2013307799,3791.0044051339,3823.7333379094,3587.0095623981,3607.7535723893,687981.2013307799,0.0,1.0
286,2021-10-15,3869.1460344849,3897.2667537018,3734.3845803871,3790.967685693,667710.679557139,3869.1460344849,3897.2667537018,3734.3845803871,3790.967685693,667710.679557139,0.0,1.0
287,2021-10-16,3829.7804183084,3969.7715378485,3803.2581054651,3868.7972512524,529265.6116011101,3829.7804183084,3969.7715378485,3803.2581054651,3868.7972512524,529265.6116011101,0.0,1.0
288,2021-10-17,3846.8555260397,3919.0801351948,3670.6304480604,3829.8079518603,498434.06100719,3846.8555260397,3919.0801351948,3670.6304480604,3829.8079518603,498434.06100719,0.0,1.0
289,2021-10-18,3745.3053180119,3893.6760594082,3676.2492137765,3847.1188890674,615304.00411369,3745.3053180119,3893.6760594082,3676.2492137765,3847.1188890674,615304.00411369,0.0,1.0
290,2021-10-19,3877.3261702125,3887.8663527771,3722.8364354568,3745.1117588798,510109.10348989,3877.3261702125,3887.8663527771,3722.8364354568,3745.1117588798,510109.10348989,0.0,1.0
291,2021-10-2,4159.7518786032,4167.0847146303,3828.3794993386,3877.4006628549,682260.9640944201,4159.7518786032,4167.0847146303,3828.3794993386,3877.4006628549,682260.9640944201,0.0,1.0
292,2021-10-21,4053.3991259262,4374.5558650058,4025.3217270109,4161.5777153152,974390.287956682,4053.3991259262,4374.5558650058,4025.3217270109,4161.5777153152,974390.287956682,0.0,1.0
293,2021-10-22,3971.9402130926,4162.2975159832,3900.2789013291,4065.299538427,654892.99978867,3971.9402130926,4162.2975159832,3900.2789013291,4065.299538427,654892.99978867,0.0,1.0
294,2021-10-23,4167.6149199558,4171.9131540013,3942.0809141617,3972.0302071344,472772.0833707,4167.6149199558,4171.9131540013,3942.0809141617,3972.0302071344,472772.0833707,0.0,1.0
295,2021-10-24,4082.416128757,4186.7918951077,3961.7794318329,4167.5576954136,491104.04808598,4082.416128757,4186.7918951077,3961.7794318329,4167.5576954136,491104.04808598,0.0,1.0
296,2021-10-25,4220.4685794172,4235.752375873,4068.2061973835,4082.2136092934,544769.425924209,4220.4685794172,4235.752375873,4068.2061973835,4082.2136092934,544769.425924209,0.0,1.0
297,2021-10-26,4131.0486330934,4292.6205597643,4092.3618661487,4220.5914212571,621315.096067621,4131.0486330934,4292.6205597643,4092.3618661487,4220.5914212571,621315.096067621,0.0,1.0
298,2021-10-27,3923.2649407079,4317.0399660677,3915.040622675,4131.1744970734,864131.9993918801,3923.2649407079,4317.0399660677,3915.040622675,4131.1744970734,864131.9993918801,0.0,1.0
299,2021-10-28,4287.0808013216,4294.99005691,3896.4030017821,3922.9652513295,700502.733578321,4287.0808013216,4294.99005691,3896.4030017821,3922.9652513295,700502.733578321,0.0,1.0
300,2021-10-29,4419.2257321529,4459.9158033127,4267.3771564151,4286.9931860898,846423.514169031,4419.2257321529,4459.9158033127,4267.3771564151,4286.9931860898,846423.514169031,0.0,1.0
301,2021-10-3,4323.1946369403,4434.1650902682,4241.8883497542,4419.3150710613,457523.263970521,4323.1946369403,4434.1650902682,4241.8883497542,4419.3150710613,457523.263970521,0.0,1.0
302,2021-10-31,4288.1631056353,4397.9516422498,4167.6944063889,4323.499183763,531174.86711631,4288.1631056353,4397.9516422498,4167.6944063889,4323.499183763,531174.86711631,0.0,1.0
303,2021-11-01,4320.6744745771,4385.5009467616,4154.8202376168,4288.4803306261,544825.118692221,4320.6744745771,4385.5009467616,4154.8202376168,4288.4803306261,544825.118692221,0.0,1.0
304,2021-11-02,4589.7604570433,4601.4654668824,4285.8176450088,4320.7585795348,673007.865821752,4589.7604570433,4601.4654668824,4285.8176450088,4320.7585795348,673007.865821752,0.0,1.0
305,2021-11-03,4603.3873182927,4660.8647203901,4458.2370341412,4591.5129124591,655726.594207991,4603.3873182927,4660.8647203901,4458.2370341412,4591.5129124591,655726.594207991,0.0,1.0
306,2021-11-04,4534.4305433162,4607.8641909772,4421.4314318438,4604.426232484,592051.78949908,4534.4305433162,4607.8641909772,4421.4314318438,4604.426232484,592051.78949908,0.0,1.0
307,2021-11-05,4476.3610158898,4571.5510173896,4441.2640836486,4534.0034707669,479883.50069612,4476.3610158898,4571.5510173896,4441.2640836486,4534.0034707669,479883.50069612,0.0,1.0
308,2021-11-06,4519.5482511793,4531.4022164042,4328.9036418517,4476.0245563915,463753.568318581,4519.5482511793,4531.4022164042,4328.9036418517,4476.0245563915,463753.568318581,0.0,1.0
309,2021-11-07,4614.1400664162,4638.3843790404,4504.1182167833,4519.8425722087,369244.63359625,4614.1400664162,4638.3843790404,4504.1182167833,4519.8425722087,369244.63359625,0.0,1.0
310,2021-11-08,4809.2769535262,4823.2114696124,4614.0437799327,4614.4904050225,545227.346389531,4809.2769535262,4823.2114696124,4614.0437799327,4614.4904050225,545227.346389531,0.0,1.0
311,2021-11-09,4732.7386658122,4839.6618926329,4710.8419167535,4809.3072920159,422160.12227541,4732.7386658122,4839.6618926329,4710.8419167535,4809.3072920159,422160.12227541,0.0,1.0
312,2021-11-1,4631.5227769567,4867.8494480201,4493.4356784641,4732.3597875719,631495.87180065,4631.5227769567,4867.8494480201,4493.4356784641,4732.3597875719,631495.87180065,0.0,1.0
313,2021-11-11,4720.0987634822,4779.7896234642,4577.0563632908,4627.0176222999,476792.64512182,4720.0987634822,4779.7896234642,4577.0563632908,4627.0176222999,476792.64512182,0.0,1.0
314,2021-11-12,4666.4969450711,4809.2264693846,4509.5835107124,4719.8219993617,681027.9387493699,4666.4969450711,4809.2264693846,4509.5835107124,4719.8219993617,681027.9387493699,0.0,1.0
315,2021-11-13,4644.5273818015,4704.7015380708,4585.0212307568,4666.3608582135,325044.46434976,4644.5273818015,4704.7015380708,4585.0212307568,4666.3608582135,325044.46434976,0.0,1.0
316,2021-11-14,4626.3172966011,4695.87,4514.6353118067,4647.03,357854.7433569901,4626.3172966011,4695.87,4514.6353118067,4647.03,357854.7433569901,0.0,1.0
317,2021-11-15,4563.9185795244,4771.6908473862,4540.0453298853,4627.3123501774,587637.3328385295,4563.9185795244,4771.6908473862,4540.0453298853,4627.3123501774,587637.3328385295,0.0,1.0
318,2021-11-16,4400.6906706304,4564.149468406,4248.4174981398,4563.906651141,106425.17477605,4400.6906706304,4564.149468406,4248.4174981398,4563.906651141,106425.17477605,0.0,1.0
